sep=;,,,,,,,,,,,,,,,,,,,,,,,,,,,
OBJECTID,type,crash/near-miss date,crash/near-miss mode,crash/near-miss time of day,mode involved,e-scooter involved,Was anyone injured?,crash cause,crash narrative,nearmiss cause,police,unsafe location mode,unsafe location time of day,unsafe location cause,safe location mode,safe location cause,mobility device,e-bike,e-scooter,improvement,improvement narrative,address,report date,latitude,longitude,type,coordinates
1,positive,,,,,,,,,,,,,,,,,,,,,,2018/10/01,37.85210642,-122.2663736,polyline,"[[-122.26684570338,37.855135282701],[-122.265901565931,37.8491036053268]]"
26,unsafe,,,,,,,,,,,bike,"day, night",poor-street,,,,,,,,,2018/10/01,37.86722269,-122.263246,polyline,"[[-122.263111999632,37.865621999652],[-122.263648999932,37.8681800001962]]"
27,nearMiss,10/11/2018,bike,night,driver,,none,,,poor-lighting,,,,,,,,,,,,,2018/10/01,37.85584561,-122.2623775,polyline,"[[-122.262382999711,37.8557790001916],[-122.26237199984,37.8559229999947]]"
28,nearMiss,10/11/2018,bike,night,driver,,none,,,poor-lighting,,,,,,,,,,,,,2018/10/01,37.8558611,-122.2623235,polyline,"[[-122.262334000205,37.8558380002484],[-122.262313000289,37.8559270002807]]"
39,nearMiss,08/2018,wheelchair,day,driver,,none,,,no-yield,,,,,,,,,,,,,2018/10/01,37.86786842,-122.265686,polyline,"[[-122.265690000106,37.8679399998569],[-122.26568199971,37.8679740002834]]"
42,unsafe,,,,,,,,,,,"walk, ride","day, night","poor-lighting, obstacle, no-yield",,,,,,,,,2018/10/01,37.86157387,-122.285354,polyline,"[[-122.289366000429,37.8611269999096],[-122.281342000376,37.8621209998091]]"
44,unsafe,,,,,,,,,,,bike,"day, night","poor-bikelane, driving-speed",,,,,,,,,2018/10/01,37.83968457,-122.282445,polyline,"[[-122.279162000286,37.8290059996993],[-122.285727999598,37.850256000231]]"
45,nearMiss,01/01/2019,bike,day,driver,,none,,,other,,,,,,,,,,,,,2018/10/01,37.86707927,-122.283915,polyline,"[[-122.283946999716,37.8673239997575],[-122.283883000142,37.8668159998258]]"
48,unsafe,,,,,,,,,,,bike,"day, night","poor-bikelane, poor-street, poor-lighting, driving-speed",,,,,,,,"1139 Gilman St, Albany, CA, 94706, USA",2019/01/29,37.88082515,-122.2943056,polyline,"[[-122.298002000227,37.880053000321],[-122.290791999586,37.8815599998555]]"
53,unsafe,,,,,,,,,,,"bike, scooter","day, night","poor-street, poor-lighting, driving-speed, other",,,,,,,,"2208-2298 6th St, Berkeley, CA, 94710, USA",2019/02/19,37.86360429,-122.2963416,polyline,"[[-122.297509000307,37.8676030001412],[-122.295427000126,37.8608389997871],[-122.294074999691,37.8602119997582]]"
54,unsafe,,,,,,,,,,,"bike, ride",day,"poor-lighting, poor-sign, no-yield, driving-speed, other",,,,,,,,"I-580 W, Berkeley, CA, 94710, USA",2019/02/19,37.87815292,-122.3071511,polyline,"[[-122.30778700007,37.8784480000511],[-122.307658000199,37.878041999682],[-122.306080999633,37.8784059999455]]"
61,unsafe,,,,,,,,,,,bike,"day, night",poor-street,,,,,,,,"2703 Mathews St, Berkeley, CA, 94702, USA",2019/03/11,37.85766765,-122.2865,polyline,"[[-122.287337999776,37.8613869996939],[-122.285449999764,37.8539369999749]]"
63,unsafe,,,,,,,,,,,bike,"day, night","no-yield, driving-speed",,,,,,,,"3001-3099 Hillegass Ave, Berkeley, CA, 94705, USA",2019/03/13,37.85522156,-122.2548587,polyline,"[[-122.255502999681,37.8567239997495],[-122.254972999951,37.8557539997686],[-122.254769999562,37.8536220001987]]"
64,unsafe,,,,,,,,,,,bike,"day, night",poor-street,,,,,,,,"2330-2398 Ellsworth St, Berkeley, CA, 94704, USA",2019/03/13,37.86634032,-122.2634124,polyline,"[[-122.26297199989,37.8645399999563],[-122.263766000108,37.8681670000087]]"
65,unsafe,,,,,,,,,,,bike,"day, night",no-yield,,,,,,,,"2301-2329 Ellsworth St, Berkeley, CA, 94704, USA",2019/03/13,37.86770748,-122.2635782,polyline,"[[-122.263511999665,37.8672099999297],[-122.263742999644,37.8681810001014]]"
66,unsafe,,,,,,,,,,,bike,"day, night",poor-street,,,,,,,,"2600-2614 Parker St, Berkeley, CA, 94704, USA",2019/03/13,37.86338397,-122.2561772,polyline,"[[-122.253842000347,37.8635890000942],[-122.258519999647,37.8632840001473]]"
67,unsafe,,,,,,,,,,,bike,"day, night",poor-bikelane,,,,,,,,"Berkeley Typewriter, 1823 University Ave, Berkeley, CA, 94703, USA",2019/03/13,37.87149003,-122.2742,polyline,"[[-122.268337000176,37.872301000033],[-122.2799070001,37.8707400003224]]"
73,unsafe,,,,,,,,,,,bike,,,,,,,,,,"2527-2579 Bancroft Way, Berkeley, CA, 94704, USA",2019/04/04,37.86894501,-122.2578242,polyline,"[[-122.252704999997,37.8696529997646],[-122.262940000103,37.8682139998028]]"
74,positive,,,,,,,,,,,,,,walk,,,,,,,"3014 Hillegass Ave, Berkeley, CA, 94705, USA",2019/04/04,37.85522463,-122.2549686,polyline,"[[-122.255547999887,37.8567619999174],[-122.255054999967,37.8558889996824],[-122.254850999753,37.853584999934]]"
123,unsafe,,,,,,,,,,,bike,"day, night",poor-street,,,,,,,,"1601-1617 Milvia St, Berkeley, CA, 94709, USA",2019/05/10,37.87766026,-122.2713065,polyline,"[[-122.271831999994,37.8817120002327],[-122.270906000429,37.8735959998545]]"
124,unsafe,,,,,,,,,,,bike,"day, night",poor-street,,,,,,,,"2626-2698 Milvia St, Berkeley, CA, 94704, USA",2019/05/10,37.8600246,-122.2694978,polyline,"[[-122.26903400031,37.8564629997653],[-122.269861999966,37.8636090001513]]"
125,unsafe,,,,,,,,,,,bike,"day, night",poor-street,,,,,,,,"2000-2098 Derby St, Berkeley, CA, 94704, USA",2019/05/10,37.8601112,-122.2682757,polyline,"[[-122.267156000344,37.8603419999604],[-122.269420999925,37.8599769997927]]"
126,unsafe,,,,,,,,,,,"walk, bike","day, night","poor-sign, other",,,,,,,,"Hillegass Ave & Ashby Ave, Berkeley, CA, 94705, USA",2019/05/10,37.856727,-122.255505,polyline,"[[-122.267156000344,37.8603419999604],[-122.269420999925,37.8599769997927]]"
129,unsafe,,,,,,,,,,,bike,"day, night",poor-street,,,,,,,,"1801-1805 Channing Way, Berkeley, CA, 94703, USA",2019/05/10,37.86494336,-122.2744843,polyline,"[[-122.267712000012,37.8657630002683],[-122.281241999919,37.8640189997703]]"
168,positive,,,,,,,,,,,,,,"walk, bike","safe-speed, good-bikelane, other",,,,,,"1851-1899 West St, Berkeley, CA, 94702, USA",2019/06/03,37.87209511,-122.2867196,polyline,"[[-122.287049999896,37.8742480000048],[-122.286684000198,37.8712719997065],[-122.286730000229,37.8710389999945],[-122.286578999718,37.8705750002329],[-122.286551000129,37.8699340003113]]"
169,unsafe,,,,,,,,,,,bike,"day, night",poor-bikelane,,,,,,,,"San Pablo Ave, Berkeley, CA, 94710, USA",2019/06/03,37.8605532,-122.289472,polyline,"[[-122.292188000402,37.8690410000865],[-122.286705999939,37.8520829997742]]"
170,incident,05/2019,bike,day,driver,,sev,poor-sign,A cyclist was struck at this intersection last week. There are no stops or signals on Cedar St b/w San Pablo and 6th St. Dwight has midway stop at 9th. So should Cedar to prevent crashes and speeding.,,yes,,,,,,,,,,,"Cedar St & 9th St, Berkeley, CA, 94710, USA",2019/06/03,37.874745,-122.296374,polyline,"[[-122.292188000402,37.8690410000865],[-122.286705999939,37.8520829997742]]"
171,unsafe,,,,,,,,,,,"bike, ride",,poor-street,,,,,,,,"Telegraph Ave & 51st St, Oakland, CA, 94609, USA",2019/06/03,37.837314,-122.2623315,polyline,"[[-122.292188000402,37.8690410000865],[-122.286705999939,37.8520829997742]]"
174,unsafe,,,,,,,,,,,ride,night,poor-lighting,,,,,,,,"University Ave, Berkeley, CA, 94702, USA",2019/06/03,37.86970241,-122.2869901,polyline,"[[-122.292032999693,37.8690680000439],[-122.281956999596,37.8704240001494]]"
175,positive,,,,,,,,,,,,,,"walk, bike",car-traffic,,,,,,"2501-2519 Grant St, Berkeley, CA, 94703, USA",2019/06/05,37.86224079,-122.2740124,polyline,"[[-122.272789000419,37.8559650001502],[-122.27371199961,37.8603869997588],[-122.274645999571,37.8653509998272],[-122.274966999961,37.8685180000102]]"
319,unsafe,,,,,,,,,,,"walk, bike","day, night","poor-sidewalk, poor-bikelane",,,,,,,,"Bay St, Berkeley, CA, 94710, USA",2019/10/09,37.84928702,-122.2954505,polyline,"[[-122.295807000068,37.8499929997419],[-122.295169000383,37.8485520000242]]"
340,unsafe,,,,,,,,,,,bike,"day, night","no-yield, driving-speed",,,,,,,,"2511 Ashby Ave, Berkeley, CA, 94705, USA",2019/11/09,37.8566605,-122.2562584,polyline,"[[-122.254163999664,37.856897000113],[-122.258434000332,37.8564230000231]]"
342,unsafe,,,,,,,,,,,bike,"day, night","poor-bikelane, no-yield, driving-speed",,,,,,,,"2701-2735 Durant Ave, Berkeley, CA, 94704, USA",2019/11/10,37.8684213,-122.2544217,polyline,"[[-122.25459300001,37.8693480000958],[-122.254249999878,37.8674169997664]]"
378,unsafe,,,,,,,,,,,bike,"day, night","poor-bikelane, poor-street, driving-speed",,,,,,,,"Center St, Berkeley, CA, 94704, USA",2019/11/26,37.87034203,-122.2678383,polyline,"[[-122.270138999975,37.870001000137],[-122.267209999872,37.8704410001461],[-122.265526000074,37.8706360002445]]"
380,unsafe,,,,,,,,,,,bike,"day, night","poor-bikelane, poor-street, no-yield, driving-speed",,,,,,,,"1031-1099 Heinz Ave, Berkeley, CA, 94710, USA",2019/11/26,37.85435067,-122.287924,polyline,"[[-122.286233000111,37.8537540001674],[-122.287059000117,37.8536020002688],[-122.287316000035,37.8544240002225],[-122.288281999782,37.8542369998277],[-122.290374000009,37.8538139998171]]"
381,unsafe,,,,,,,,,,,bike,"day, night","poor-bikelane, no-yield, driving-speed",,,,,,,,"Russell St, Berkeley, CA, 94702, USA",2019/11/26,37.85487815,-122.2794057,polyline,"[[-122.279983000268,37.8547919997772],[-122.278830000025,37.8549739997608]]"
382,unsafe,,,,,,,,,,,bike,"day, night",poor-bikelane,,,,,,,,"1827-1899 Channing Way, Berkeley, CA, 94703, USA",2019/11/26,37.86508369,-122.273387,polyline,"[[-122.267703999616,37.8657569999307],[-122.272252999943,37.8651640002045],[-122.275793999791,37.8647409997812],[-122.279055000155,37.8642999998177]]"
383,nearMiss,09/2019,bike,day,driver,,none,,,"no-yield, unsafe-speed, car-door",,,,,,,,,,,,"1920-1936 Allston Way, Berkeley, CA, 94704, USA",2019/11/26,37.86881538,-122.2718517,polyline,"[[-122.273256000399,37.8687010000388],[-122.27046100019,37.8690439997671]]"
384,unsafe,,,,,,,,,,,bike,"day, night","poor-bikelane, poor-street",,,,,,,,"2627-2699 Milvia St, Berkeley, CA, 94704, USA",2019/11/26,37.86049671,-122.2694039,polyline,"[[-122.269013000394,37.8564230000231],[-122.269924999715,37.8645549999833]]"
549,unsafe,,,,,,,,,,,bike,night,poor-street,,,,,,,,"1002-1024 Virginia St, Berkeley, CA, 94710, USA",2019/12/17,37.87316756,-122.2946605,polyline,"[[-122.295803,37.87299],[-122.293539,37.873456]]"
550,unsafe,,,,,,,,,,,bike,"day, night",poor-street,,,,,,,,"921-999 Camelia St, Berkeley, CA, 94710, USA",2019/12/17,37.87820908,-122.2980906,polyline,"[[-122.297519,37.878275],[-122.298646,37.878063]]"
551,unsafe,,,,,,,,,,,"walk, bike, ride","day, night","poor-bikelane, no-yield, driving-speed",,,,,,,,"Gilman St, Berkeley, CA, 94710, USA",2019/12/17,37.87817106,-122.307253,polyline,"[[-122.30768,37.878093],[-122.306832,37.878275]]"
552,unsafe,,,,,,,,,,,ride,"day, night",no-yield,,,,,,,,"Gilman St, Berkeley, CA, 94710, USA",2019/12/17,37.87833422,-122.3064881,polyline,"[[-122.306564,37.8778],[-122.306564,37.877936],[-122.30651,37.878055],[-122.306467,37.878215],[-122.306478,37.878321],[-122.306553,37.87841],[-122.306634,37.878525],[-122.306757,37.878664],[-122.306854,37.878796]]"
553,unsafe,,,,,,,,,,,bike,"day, night","poor-bikelane, poor-sign",,,,,,,,"1407-1499 Peralta Ave, Berkeley, CA, 94702, USA",2019/12/17,37.8780168,-122.2887904,polyline,"[[-122.288271,37.877623],[-122.288513,37.878182],[-122.288861,37.877995],[-122.288684,37.878499],[-122.288893,37.878961]]"
608,positive,,,,,,,,,,,,,,"transit, ride",,,,,,,"2451-2499 Bowditch St, Berkeley, CA, 94704, USA",2020/02/26,37.86586683,-122.2561858,polyline,"[[-122.257923,37.866146],[-122.256348,37.86634],[-122.256152,37.865435],[-122.2578,37.865222]]"
609,unsafe,,,,,,,,,,,walk,night,poor-lighting,,,,,,,,"1901-1961 Channing Way, Berkeley, CA, 94704, USA",2020/02/26,37.86536693,-122.2711433,polyline,"[[-122.272194,37.865177],[-122.270057,37.865478]]"
632,incident,02/2020,walk,day,,,,,,,,,,,,,,,,,,"2300-2398 Martin Luther King Jr Way, Berkeley, CA, 94704, USA",2020/03/30,37.86626566,-122.272509,polyline,"[[-122.272616,37.868907],[-122.272419,37.86364]]"
633,incident,,walk,,,,,,,,,,,,,,,,,,,"2334 Bancroft Way, Berkeley, CA, 94704, USA",2020/04/03,37.86824457,-122.2628004,polyline,"[[-122.262903,37.867913],[-122.262847,37.867737]]"
634,incident,,walk,,,,,,,,,,,,,,,,,,,"East Bay School for Boys, 2340 Durant Ave, Berkeley, CA, 94704, USA",2020/04/03,37.86749,-122.26144,polyline,"[[-122.262935,37.867905],[-122.261444,37.867717],[-122.261845,37.866356]]"
1213,unsafe,,,,,,,,,,,"walk, bike","day, night","poor-sidewalk, poor-street, poor-lighting",,,,,,"sidewalk, pavement","Street scape needs a redo... either shave sidewalks or replace, improve street drainage as drainage does not happen and big puddles form from rains, resurface street (previous trenching in street is subsiding) as cracks are terrible for trying to ride a bicycle.","664 Vincente Ave, Berkeley, CA, 94707, USA",2020/12/22,37.89538699,-122.282784,polyline,"[[-122.285957,37.898911],[-122.279949,37.891596]]"
1753,unsafe,,,,,,,,,,,walk,"day, night",no-yield,,,,,,sidewalk,"A bulb out"" extension of the sideway would be useful to make pedestrians more visible and to impede the right turn so drivers are slower""","1293-1299 Hopkins St, Albany, CA, 94706, USA",2022/12/08,37.87802747,-122.2889183,polyline,"[[-122.288829,37.878144],[-122.288904,37.87795],[-122.289065,37.877882]]"
1810,unsafe,,,,,,,,,,,walk,"day, night","poor-sign, no-yield, driving-speed, other",,,,,,"signs, benches",,"2727 Milvia St, Berkeley, CA, 94703, USA",2023/02/26,37.85967501,-122.268735,polyline,"[[-122.240067,37.805444],[-122.232857,37.784554],[-122.220154,37.80246],[-122.238693,37.824701],[-122.272339,37.864284],[-122.272339,37.878105],[-122.281952,37.874582],[-122.279892,37.859134],[-122.252769,37.872143],[-122.232513,37.856965],[-122.253456,37.870246]]"
1816,nearMiss,03/2023,bike,day,driver,,none,,,"no-yield, unsafe-speed",,,,,,,,eBike,,enforcement,,"2000-2046 Channing Way, Berkeley, CA, 94704, USA",2023/04/03,37.86553911,-122.2689871,polyline,"[[-122.254658,37.8674],[-122.283325,37.863741]]"
1817,unsafe,,,,,,,,,,,bike,"day, night","poor-street, poor-lighting",,,,,,"pavement, lighting","A lot of Berkeley has bad pavement, but these two blocks are some of the worst and because it is a designated route, some of the most highly used.","1701-1725 Channing Way, Berkeley, CA, 94703, USA",2023/04/03,37.86477258,-122.2757338,polyline,"[[-122.27685,37.864586],[-122.274608,37.864883]]"
1894,unsafe,,,,,,,,,,,bike,"day, night",poor-street,,,,,,pavement,A complete repaving job is necessary. ,"1513-1523 McGee Ave, Berkeley, CA, 94703, USA",2023/07/17,37.87866561,-122.2790409,polyline,"[[-122.278304,37.877292],[-122.279871,37.879985]]"
4314,positive,,,,,,,,,,,,,,"walk, bike, ride","safe-speed, car-traffic, good-bikelane",,,,,,"1519 Milvia St, Berkeley, CA, 94709, USA",2024/08/19,37.87922501,-122.271297,polyline,"[[-122.270794,37.873574],[-122.272167,37.884881]]"
4526,nearMiss,09/04/2025,walk,day,"driver, ped",,none,,,"poor-sign, no-yield",,,,,,,,,,"signs, crosswalks",,"Alborz, 2175 Allston Way, Berkeley, CA, 94704, USA",2025/09/04,37.869792,-122.265997,polyline,"[[-122.265934,37.869688],[-122.265666,37.869709]]"
4541,unsafe,,,,,,,,,,,bike,"day, night","poor-street, driving-speed",,,,,,"speed, pavement",This road is not on the street improvement (repaving) plan for the next 8 yrs,"168-198 Centennial Dr, Berkeley, CA, 94720, USA",2025/10/14,37.87410685,-122.2399397,polyline,"[[-122.247534,37.880883],[-122.241869,37.876208],[-122.239208,37.876276],[-122.238951,37.874853],[-122.240324,37.873905],[-122.241697,37.872889],[-122.244101,37.872685],[-122.247705,37.872008],[-122.250452,37.871805],[-122.252684,37.873092]]"
1,nearMiss,05/2018,bike,day,driver,,none,,,no-yield,no,,,,,,,,,,,"2403 Telegraph Ave, Berkeley, California, 94704, USA",2018/10/01,37.86684297,-13609787.24,point,"-122.25879894720435,37.866842967976964"
57,unsafe,,,,,,,,,,,bike,both,"car-traffic, no-sign, intersection",,,,,,,,"2149 Morello Ave, Pleasant Hill, California, 94523, USA",2018/10/01,37.8780081,-122.3079216,point,"-122.3079219997896,37.87800799964735"
58,unsafe,,,,,,,,,,,"walk, bike",night,"driving-speed, car-traffic, poor-lighting",,,,,,,,"1711 S 35th St, Milwaukee, Wisconsin, 53215, USA",2018/10/01,37.87121997,-122.2750599,point,"-122.27505999984751,37.87121999970678"
62,nearMiss,06/2016,bike,day,driver,,none,,,no-yield,,,,,,,,,,,,"5800 Shellmound St, Emeryville, California, 94608, USA",2018/10/01,37.87251029,-122.273077,point,"-122.27307700029885,37.87251000015161"
64,nearMiss,10/11/2018,bike,night,bike,,none,,,poor-lighting,,,,,,,,,,,,"1604 Delaware Ave, Santa Cruz, California, 95060, USA",2018/10/01,37.85589065,-122.262411,point,"-122.26241100019826,37.85589099982632"
65,nearMiss,01/26/2018,bike,day,driver,,none,,,no-yield,,,,,,,,,,,,,2018/10/01,37.8781728,-122.271444,point,"-122.27144399965626,37.878173000106784"
66,nearMiss,10/12/2018,bike,day,driver,,none,,,"no-yield, unsafe-speed",,,,,,,,,,,,"1825 8th St, Berkeley, California, 94710, USA",2018/10/01,37.87247677,-122.286918,point,"-122.28691799965146,37.872477000246924"
67,unsafe,,,,,,,,,,,"walk, bike","day, night","no-yield, driving-speed",,,,,,,,"1571 Mission St, San Francisco, California, 94103, USA",2018/10/01,37.88255842,-122.290563,point,"-122.29056300015502,37.882558000182016"
105,nearMiss,11/2018,bike,day,driver,,none,,,"poor-lighting, poor-sign, unsafe-speed",,,,,,,,,,,,,2018/10/01,37.85647149,-122.268512,point,"-122.26851200007854,37.85647100027859"
106,nearMiss,12/10/2018,walk,night,driver,,none,,,"poor-lighting, no-yield",,,,,,,,,,,,,2018/10/01,37.85347113,-122.277038,point,"-122.27703800027163,37.85347100013265"
107,nearMiss,08/01/2014,walk,day,driver,,none,,,"no-yield, unsafe-speed, other",,,,,,,,,,,,,2018/10/01,37.86980073,-122.295884,point,"-122.29588400006061,37.869800999651055"
112,unsafe,,,,,,,,,,,bike,"day, night",poor-street,,,,,,,,,2018/10/01,37.86612836,-122.306944,point,"-122.3069440003465,37.86612800014797"
113,nearMiss,12/12/2018,bike,night,driver,,none,,,poor-lighting,,,,,,,,,,,,,2018/10/01,37.85359029,-122.277023,point,"-122.277023000203,37.8535899997408"
118,incident,12/20/2017,walk,night,"driver, bike",,sev,"poor-lighting, poor-sign",,,yes,,,,,,,,,,,,2018/10/01,37.86314031,-122.258652,point,"-122.25865199989188,37.863139999831304"
119,nearMiss,01/03/2019,walk,night,driver,,none,,,other,,,,,,,,,,,,,2018/10/01,37.85976431,-122.271645,point,"-122.27164500039603,37.85976400021792"
120,unsafe,,,,,,,,,,,"walk, bike, ride",night,"poor-lighting, no-yield, driving-speed",,,,,,,,,2018/10/01,37.86384112,-122.281446,point,"-122.28144600013314,37.86384099999102"
121,unsafe,,,,,,,,,,,"walk, ride","day, night","obstacle, driving-speed",,,,,,,,,2018/10/01,37.86429393,-122.280178,point,"-122.28017800026184,37.86429400007019"
122,nearMiss,01/09/2019,bike,night,driver,,none,,,"poor-lighting, other",,,,,,,,,,,,,2018/10/01,37.87805851,-122.271432,point,"-122.27143199996068,37.87805900004797"
123,nearMiss,01/08/2019,walk,night,driver,,none,,,no-yield,,,,,,,,,,,,,2018/10/01,37.87468017,-122.283314,point,"-122.28331400005406,37.874680000223485"
127,unsafe,,,,,,,,,,,walk,"day, night","poor-lighting, poor-sign, no-yield, driving-speed",,,,,,,,,2018/10/01,37.849662,-122.271019,point,"-122.27101900040712,37.84966199976457"
128,unsafe,,,,,,,,,,,bike,"day, night",driving-speed,,,,,,,,,2018/10/01,37.87594459,-122.273481,point,"-122.27348099963159,37.87594499969058"
129,nearMiss,12/1990,bike,day,driver,,none,,,no-yield,,,,,,,,,,,,,2018/10/01,37.87276435,-122.28583,point,"-122.2858299997052,37.872763999718146"
137,unsafe,,,,,,,,,,,ride,night,"poor-lighting, no-yield, driving-speed",,,,,,,,"2700-2832 Channing Way, Berkeley, CA, 94704, USA",2019/01/31,37.86766794,-122.2520875,point,"-122.25208700040443,37.86766800013483"
153,unsafe,,,,,,,,,,,bike,day,poor-sign,,,,,,,,"1601-1611 Ashby Ave, Berkeley, CA, 94703, USA",2019/02/08,37.85360889,-122.2769342,point,"-122.27693399961623,37.853609000280294"
163,incident,02/2019,bike,day,driver,,minor,other,,,yes,,,,,,,,,,,"Bancroft Way, Berkeley, CA, 94704, USA",2019/02/13,37.86787007,-122.2656614,point,"-122.26566099979331,37.86786999984707"
167,nearMiss,02/12/2019,bike,day,driver,,none,,,"gravel, no-yield, unsafe-speed",,,,,,,,,,,,"3000-3098 Fulton St, Berkeley, CA, 94705, USA",2019/02/13,37.85567177,-122.2635536,point,"-122.2635540003961,37.855672000052344"
170,nearMiss,02/14/2019,bike,night,driver,,none,,,no-yield,,,,,,,,,,,,"2373-2399 Milvia St, Berkeley, CA, 94704, USA",2019/02/14,37.86550994,-122.2699959,point,"-122.26999599985989,37.865509999910664"
173,unsafe,,,,,,,,,,,"walk, bike, ride","day, night","no-yield, driving-speed, other",,,,,,,,"2801-2807 Shattuck Ave, Berkeley, CA, 94705, USA",2019/02/19,37.85849937,-122.2668352,point,"-122.26683499995329,37.85849900024907"
175,unsafe,,,,,,,,,,,"walk, ride",night,poor-lighting,,,,,,,,"1950-1970 Oxford St, Berkeley, CA, 94704, USA",2019/02/19,37.87308502,-122.2663045,point,"-122.26630400039896,37.87308499968488"
179,nearMiss,,bike,night,driver,,none,,,"poor-bikelane, no-yield",,,,,,,,,,,,"1901-1919 Berkeley Way, Berkeley, CA, 94704, USA",2019/02/20,37.87250821,-122.2731045,point,"-122.27310499988796,37.87250799974954"
180,unsafe,,,,,,,,,,,bike,"day, night",obstacle,,,,,,,,"1931-1999 Hearst Ave, Berkeley, CA, 94709, USA",2019/02/20,37.873554,-122.2716516,point,"-122.27165200006871,37.87355399981885"
181,incident,,walk,,,,,,,,,,,,,,,,,,,"2001-2099 Derby St, Berkeley, CA, 94704, USA",2019/02/20,37.86035746,-122.2673253,point,"-122.26732500039806,37.86035700013268"
182,incident,,walk,,,,,,,,,,,,,,,,,,,"2000-2098 Derby St, Berkeley, CA, 94704, USA",2019/02/20,37.85998978,-122.2691621,point,"-122.26916200035686,37.859990000006526"
183,unsafe,,,,,,,,,,,"walk, ride","day, night",poor-street,,,,,,,,"Durant Ave, Berkeley, CA, 94704, USA",2019/02/20,37.86638402,-122.2700702,point,"-122.27007000037806,37.86638400030022"
184,unsafe,,,,,,,,,,,"walk, ride","day, night",poor-street,,,,,,,,"Shattuck Ave, Berkeley, CA, 94705, USA",2019/02/20,37.86026222,-122.2671477,point,"-122.26714799994775,37.860261999699425"
185,unsafe,,,,,,,,,,,"walk, other","day, night",poor-street,,,,,,,,"2101-2133 Ward St, Berkeley, CA, 94705, USA",2019/02/20,37.85949826,-122.2669583,point,"-122.26695799997695,37.85949800024416"
186,unsafe,,,,,,,,,,,walk,"day, night",obstacle,,,,,,,,"2450-2498 Bowditch St, Berkeley, CA, 94720, USA",2019/02/21,37.86543931,-122.2562412,point,"-122.25624099982272,37.86543899977752"
210,nearMiss,02/2019,walk,night,"driver, ped, bike",,none,,,"poor-bikelane, poor-street, poor-lighting, poor-sign, unsafe-speed",,,,,,,,,,,,"1601 Oxford St, Berkeley, CA, 94709, USA",2019/02/28,37.87860897,-122.2668266,point,"-122.26682699955737,37.87860899976116"
211,nearMiss,02/28/2019,bike,day,driver,,none,,,no-yield,,,,,,,,,,,,"2340-2398 Woolsey St, Berkeley, CA, 94705, USA",2019/02/28,37.85292434,-122.2599196,point,"-122.25991999976318,37.85292399964809"
215,nearMiss,02/2019,walk,night,"driver, bike",,none,,,"no-yield, unsafe-speed",,,,,,,,,,,,"813-829 University Ave, Berkeley, CA, 94710, USA",2019/03/07,37.86801121,-122.2977509,point,"-122.29775100015662,37.868010999707735"
216,unsafe,,,,,,,,,,,bike,"day, night",obstacle,,,,,,,,"1921-1969 Russell St, Berkeley, CA, 94703, USA",2019/03/11,37.8564505,-122.2691255,point,"-122.26912499964861,37.85645000034796"
217,unsafe,,,,,,,,,,,,,,,,,,,,,"1921-1969 Russell St, Berkeley, CA, 94703, USA",2019/03/11,37.8564505,-122.2691255,point,"-122.26912499964861,37.85645000034796"
226,unsafe,,,,,,,,,,,"walk, bike, ride","day, night","poor-sign, no-yield, driving-speed",,,,,,,,"2301-2329 Ellsworth St, Berkeley, CA, 94704, USA",2019/03/13,37.86813853,-122.2636717,point,"-122.26367200039688,37.86813899981534"
227,positive,,,,,,,,,,,,,,walk,"safe-speed, car-traffic, good-sign",,,,,,"2230-2272 Piedmont Ave, Berkeley, CA, 94720, USA",2019/03/13,37.8708888,-122.2528165,point,"-122.2528170001504,37.87088900002136"
228,positive,,,,,,,,,,,,,,walk,safe-speed,,,,,,"200-399 Wurster Hall, Berkeley, CA, 94720, USA",2019/03/13,37.87036704,-122.2542822,point,"-122.2542819996652,37.87036700017365"
229,nearMiss,03/12/2019,bike,day,driver,,none,,,no-yield,,,,,,,,,,,,"2600-2624 Ashby Ave, Berkeley, CA, 94705, USA",2019/03/13,37.85667456,-122.255458,point,"-122.2554580003733,37.85667500030666"
230,incident,12/2018,ride,night,ped,,none,"poor-lighting, other","Individual threw a large traffic cone at the vehicle I was in, denting the roof of the vehicle and break the overhead light. ",,yes,,,,,,,,,,,"2549-2581 Haste St, Berkeley, CA, 94704, USA",2019/03/13,37.86624592,-122.2573798,point,"-122.2573799998226,37.866245999957435"
231,nearMiss,03/09/2019,bike,night,driver,,none,,,"poor-lighting, car-door",,,,,,,,,,,,"2012 Channing Way, Berkeley, CA, 94704, USA",2019/03/13,37.86550968,-122.2693798,point,"-122.26937999991674,37.865509999910664"
232,incident,01/2019,walk,day,driver,,none,"poor-sign, no-yield, unsafe-speed",I routinely see crashes at this exact intersection. This is due to no protected turns and a ton of cars on a busy intersection. ,,yes,,,,,,,,,,,"University Ave, Berkeley, CA, 94704, USA",2019/03/13,37.87160899,-122.2729638,point,"-122.27296400032097,37.87160899966014"
233,positive,,,,,,,,,,,,,,walk,"safe-speed, car-traffic, good-sidewalk, good-lighting, good-sign",,,,,,"2398 Bancroft Way, Berkeley, CA, 94704, USA",2019/03/13,37.868148,-122.2616835,point,"-122.26168300010212,37.86814799967605"
234,positive,,,,,,,,,,,,,,walk,"safe-speed, good-sidewalk, good-lighting",,,,,,"Gayley Rd, Berkeley, CA, 94720, USA",2019/03/13,37.87234075,-122.2534913,point,"-122.25349099981987,37.872340999667294"
235,unsafe,,,,,,,,,,,walk,"day, night","poor-sign, no-yield",,,,,,,,"2020-2098 Berkeley Way, Berkeley, CA, 94704, USA",2019/03/13,37.87295608,-122.2684981,point,"-122.26849799983484,37.872955999819965"
236,nearMiss,02/2019,walk,day,"driver, ped",,none,,,"no-yield, unsafe-speed, other",,,,,,,,,,,,"SUBWAY, 92 Shattuck Sq, Berkeley, CA, 94704, USA",2019/03/13,37.87137,-122.26774,point,"-122.26773999960143,37.871369999715185"
238,unsafe,,,,,,,,,,,walk,"day, night","poor-sign, no-yield, driving-speed",,,,,,,,"2451-2499 Parker St, Berkeley, CA, 94704, USA",2019/03/13,37.86328588,-122.2586892,point,"-122.2586889997018,37.863286000090575"
239,nearMiss,03/13/2019,other,day,driver,,none,,,no-yield,,,,,,,,,,,,"1-28 Rim Way, Berkeley, CA, 94720, USA",2019/03/13,37.87251113,-122.253715,point,"-122.25371500012585,37.872510999998084"
240,nearMiss,11/2018,ride,day,driver,,none,,,"no-yield, unsafe-speed",,,,,,,,,,,,"2001-2005 Marin Ave, Berkeley, CA, 94707, USA",2019/03/13,37.89032076,-122.2721702,point,"-122.27217000010258,37.89032099990676"
241,nearMiss,01/2019,walk,night,"driver, ped",,none,,,no-yield,,,,,,,,,,,,"1836-1898 University Ave, Berkeley, CA, 94703, USA",2019/03/13,37.87145707,-122.2729973,point,"-122.27299699993293,37.871456999707725"
251,nearMiss,03/22/2019,bike,day,driver,,none,,,"poor-bikelane, other",,,,,,,,,,,,"2121-2139 Oxford St, Berkeley, CA, 94704, USA",2019/03/23,37.87045583,-122.2657433,point,"-122.26574299980908,37.87045599968105"
252,incident,,walk,,,,,,,,,,,,,,,,,,,"2121-2139 Oxford St, Berkeley, CA, 94704, USA",2019/03/23,37.87045583,-122.2657433,point,"-122.26574299980908,37.87045599968105"
253,unsafe,,,,,,,,,,,bike,day,other,,,,,,,,"Oxford St, Berkeley, CA, 94704, USA",2019/03/23,37.87112554,-122.2658954,point,"-122.26589500014506,37.871125999668784"
254,nearMiss,03/2019,bike,,driver,,none,,,other,,,,,,,,,,,,"2201-2223 Hearst Ave, Berkeley, CA, 94709, USA",2019/03/23,37.87422024,-122.2663132,point,"-122.26631299972149,37.87421999999513"
275,unsafe,,,,,,,,,,,other,,,,,,,,,,"1700-1722 Chestnut St, Berkeley, CA, 94702, USA",2019/03/27,37.87320763,-122.2885379,point,"-122.28853799987526,37.873208000302164"
276,nearMiss,03/20/2019,bike,day,driver,,none,,,no-yield,,,,,,,,,,,,"2825-2869 9th St, Berkeley, CA, 94710, USA",2019/03/27,37.85400909,-122.289643,point,"-122.28964300043826,37.854008999937484"
283,nearMiss,,bike,,,,,,,,,,,,,,,,,,,"1305-1305 Rose St, Berkeley, CA, 94702, USA",2019/04/04,37.87700432,-122.2884723,point,"-122.28847199975303,37.87700399993331"
284,nearMiss,,bike,,,,,,,,,,,,,,,,,,,"1442 Walnut St, Berkeley, CA, 94709, USA",2019/04/04,37.88058359,-122.2682364,point,"-122.26823599989399,37.880584000072794"
285,positive,,,,,,,,,,,,,,"walk, bike",,,,,,,"1701-1899 Spruce St, Berkeley, CA, 94709, USA",2019/04/04,37.87426535,-122.2652623,point,"-122.26526199958515,37.87426499982818"
286,nearMiss,,walk,,,,,,,,,,,,,,,,,,,"Allston Way, Berkeley, CA, 94704, USA",2019/04/04,37.86940737,-122.2678807,point,"-122.26788100006677,37.8694069999279"
287,nearMiss,,walk,,,,,,,,,,,,,,,,,,,"2601-2627 Bancroft Way, Berkeley, CA, 94704, USA",2019/04/04,37.86911779,-122.2564196,point,"-122.25641999992287,37.86911799965001"
290,positive,,,,,,,,,,,,,,walk,,,,,,,"2525 Ashby Ave, Berkeley, CA, 94705, USA",2019/04/04,37.85673539,-122.2556933,point,"-122.25569299965163,37.856734999706816"
292,incident,,bike,,,,,car-door,,,,,,,,,,,,,,"3016-3028 Shattuck Ave, Berkeley, CA, 94705, USA",2019/04/04,37.85416126,-122.2664508,point,"-122.26645099981373,37.85416099970626"
349,nearMiss,04/08/2019,bike,day,driver,,none,,,"no-yield, unsafe-speed",,,,,,,,,,,,"Oxford St, Berkeley, CA, 94704, USA",2019/04/08,37.87334996,-122.2662624,point,"-122.26626199966785,37.87334999971019"
353,nearMiss,04/08/2019,bike,day,driver,,none,,,poor-sign,,,,,,,,,,,,"2988-2998 Fulton St, Berkeley, CA, 94705, USA",2019/04/09,37.85579665,-122.263575,point,"-122.2635750003125,37.855797000093716"
405,incident,04/2019,bike,day,driver,,none,car-door,I was doored on my bike by a car parked on the south side of Hearst.,,no,,,,,,,,,,,"1910-1928 Hearst Ave, Berkeley, CA, 94709, USA",2019/04/25,37.87334518,-122.2725687,point,"-122.27256900031075,37.87334499982558"
409,unsafe,,,,,,,,,,,"walk, wheelchair","day, night","poor-street, no-yield, driving-speed",,,,,,,,"Asha Tea House, 2086 University Ave, Berkeley, CA, 94704, USA",2019/04/27,37.87203995,-122.2687099,point,"-122.26871000044524,37.872039999900565"
410,unsafe,,,,,,,,,,,"walk, wheelchair","day, night",other,,,,,,,,"1800-1898 Milvia St, Berkeley, CA, 94709, USA",2019/04/27,37.87402864,-122.2710734,point,"-122.2710729999355,37.874029000177046"
412,incident,04/2018,ride,day,driver,,minor,no-yield,"The other driver was impatient, and decided to run the stop sign",,yes,,,,,,,,,,,"2727 Milvia St, Berkeley, CA, 94703, USA",2019/04/27,37.85957628,-122.269356,point,"-122.26935599962731,37.85957599987203"
415,nearMiss,04/23/2019,walk,day,"driver, ped, wheelchair",,none,,,"poor-sign, no-yield, unsafe-speed",,,,,,,,,,,,"2951 Derby St, Berkeley, CA, 94705, USA",2019/04/27,37.86251148,-122.2470437,point,"-122.24704400033322,37.86251100026454"
416,unsafe,,,,,,,,,,,wheelchair,"day, night",poor-sidewalk,,,,,,,,"Claremont Blvd & Derby St, Berkeley, CA, 94705, USA",2019/04/27,37.862487,-122.247063,point,"-122.24706299970146,37.86248699997971"
417,incident,,walk,day,driver,,fatal,,This was a person's death The welding truck people driving did not see the group of kids that were crossing  and the person was killed,,yes,,,,,,,,,,,"2677-2699 Warring St, Berkeley, CA, 94720, USA",2019/04/27,37.8623916,-122.250056,point,"-122.25005600027689,37.862392000164334"
418,unsafe,,,,,,,,,,,bike,day,,,,,,,,,"Cedar St, Berkeley, CA, 94708, USA",2019/04/27,37.87900435,-122.2645895,point,"-122.2645889997406,37.879003999664064"
519,unsafe,,,,,,,,,,,bike,"day, night",,,,,,,,,"Milvia St & University Ave, Berkeley, CA, 94704, USA",2019/05/05,37.871802,-122.270751,point,"-122.2707509997202,37.871801999791614"
551,unsafe,,,,,,,,,,,bike,day,obstacle,,,,,,,,"Shattuck Ave & Ashby Ave, Berkeley, CA, 94705, USA",2019/05/10,37.855278,-122.266521,point,"-122.26652100013395,37.85527799997054"
555,unsafe,,,,,,,,,,,"walk, bike, ride","day, night","poor-sidewalk, poor-bikelane, obstacle",,,,,,,,"Gilman St, Berkeley, CA, 94710, USA",2019/05/10,37.87811739,-122.3074616,point,"-122.30746200038038,37.87811700022431"
556,incident,12/15/2013,bike,day,,,sev,no-yield,"My wife was walking her bicycle across Ashby because that intersection was (and still is) too dangerous to bike across, in the crosswalk, and when the Ashby traffic stopped for her (pedestrian) a car driver turned left from Hillegass onto Ashby and plowed right through her. Her bike helmet broke the window of the car and she was rushed to Highland to check for head injuries (which fortunately she didn't have thanks to her bike helmet).",,yes,,,,,,,,,,,"Hillegass Ave & Ashby Ave, Berkeley, CA, 94705, USA",2019/05/10,37.856727,-122.255505,point,"-122.25550500022896,37.85672699993149"
557,nearMiss,01/2019,bike,day,driver,,none,,,other,,,,,,,,,,,,"Fulton St & Carleton St, Berkeley, CA, 94704, USA",2019/05/10,37.861569,-122.2646805,point,"-122.26467999997719,37.86156899970645"
558,nearMiss,11/2018,bike,day,driver,,none,,,,,,,,,,,,,,,"Shattuck Ave & Oregon St, Berkeley, CA, 94705, USA",2019/05/10,37.857618,-122.2668135,point,"-122.266813000212,37.857618000338526"
561,nearMiss,05/06/2019,walk,day,"driver, ped",,none,,,"no-yield, unsafe-speed",,,,,,,,,,,,"2000-2010 Ashby Ave, Berkeley, CA, 94703, USA",2019/05/10,37.85469149,-122.2689339,point,"-122.26893399985292,37.85469100015363"
564,nearMiss,04/2016,bike,day,driver,,none,,,no-yield,,,,,,,,,,,,"2515 Channing Way, Berkeley, CA, 94720, USA",2019/05/11,37.867347,-122.2574625,point,"-122.25746199983837,37.86734699996895"
585,incident,05/20/2019,bike,day,driver,,none,"poor-bikelane, obstacle, no-yield","An SUV was turning left out of the parking lot, and couldn't see due to parked cars on the north side of Channing blocking the view of the bike path. Rather than go slowly until they could see the path was clear, they went slowly without looking for people in the bike lane, and so they hit me and knocked me off my bike. ",,yes,,,,,,,,,,,"2041-2099 Channing Way, Berkeley, CA, 94704, USA",2019/05/20,37.86578286,-122.2680199,point,"-122.26801999998392,37.865782999735394"
588,nearMiss,05/2019,bike,day,driver,,none,,,no-yield,,,,,,,,,,,,"2048-2084 Center St, Berkeley, CA, 94704, USA",2019/05/21,37.87008576,-122.269217,point,"-122.26921699971012,37.87008599986005"
589,nearMiss,02/2019,bike,night,driver,,none,,,"no-yield, other",,,,,,,,,,,,"2301-2399 Martin Luther King Jr Way, Berkeley, CA, 94704, USA",2019/05/21,37.86522927,-122.2722466,point,"-122.27224700009548,37.86522900022199"
590,incident,06/2017,bike,day,driver,,minor,"no-yield, other",Driver ran red light on Durant. I hit the side of their car crossing the intersection southbound on Dana with a green light because I did not brake in time to avoid the collision.  My brakes were in poor condition.  I had minor scrapes and my bike fork was bent. The side of the car was damaged.,,yes,,,,,,,,,,,"2401-2417 Durant Ave, Berkeley, CA, 94704, USA",2019/05/21,37.86759838,-122.2612198,point,"-122.26122000031985,37.867597999866575"
591,unsafe,,,,,,,,,,,"walk, bike",day,"no-yield, driving-speed",,,,,,,,"2172-2198 California St, Berkeley, CA, 94703, USA",2019/05/21,37.86791401,-122.2795568,point,"-122.27955700029582,37.86791400010414"
628,positive,,,,,,,,,,,,,,"walk, bike","good-sidewalk, good-bikelane",,,,,,"I-580 E, Berkeley, CA, 94710, USA",2019/05/22,37.86560221,-122.3035522,point,"-122.30355199956294,37.86560200014123"
630,positive,,,,,,,,,,,,,,"walk, bike, ride, other",,,,,,,"2900-2938 Hillegass Ave, Berkeley, CA, 94705, USA",2019/05/22,37.85673949,-122.2555759,point,"-122.25557600037408,37.85673899994881"
695,nearMiss,05/06/2019,bike,day,driver,,none,,,no-yield,,,,,,,,,,,,"760-888 Santa Barbara Rd, Berkeley, CA, 94707, USA",2019/06/03,37.8962142,-122.270736,point,"-122.2707359996516,37.896214000191286"
696,incident,06/2019,bike,day,driver,,minor,unsafe-speed,I was biking East on Blake St and estimated that I had enough time to reach the median. A car moving south on sacramento was moving much faster than normal traffic and hit me. Suggestion: enforce speeds on Sacramento,,yes,,,,,,,,,,,"Sacramento St & Blake St, Berkeley, CA, 94702, USA",2019/06/03,37.861344,-122.280705,point,"-122.2807049996182,37.861343999792915"
697,unsafe,,,,,,,,,,,"walk, bike, ride","day, night","poor-lighting, poor-sign, driving-speed",,,,,,,,"1800-1898 Stuart St, Berkeley, CA, 94703, USA",2019/06/03,37.85790063,-122.2715342,point,"-122.27153400006794,37.85790100005693"
698,incident,12/2015,bike,day,driver,,minor,car-door,I was biking up Milvia when a car door hit my right arm and bike brake/handle/ I fell into the street and had large bruises on my arm and leg.,,no,,,,,,,,,,,"2001-2023 Center St, Berkeley, CA, 94704, USA",2019/06/03,37.87001881,-122.2705202,point,"-122.27051999974154,37.87001900011158"
700,incident,04/2019,other,day,driver,,,,"the street doesn't have traffic lights, MLK is very wide with a lot of traffic and is very dangerous",,yes,,,,,,,,,,,"2502-2528 Martin Luther King Jr Way, Berkeley, CA, 94704, USA",2019/06/03,37.86243997,-122.2720842,point,"-122.27208399988884,37.862440000078905"
702,nearMiss,05/2019,walk,day,bike,,none,,,"poor-bikelane, poor-street, no-yield",,,,,,,,,,,,"2168 Shattuck Ave, Berkeley, CA, 94704, USA",2019/06/03,37.86972271,-122.268035,point,"-122.26803500005254,37.869723000207884"
703,nearMiss,06/03/2019,walk,day,driver,,none,,,no-yield,,,,,,,,,,,,"Sacramento St, Berkeley, CA, 94702, USA",2019/06/04,37.872135,-122.2822305,point,"-122.2822310001307,37.87213500004221"
704,unsafe,,,,,,,,,,,bike,"day, night",other,,,,,,,,"1601-1699 62nd St, Berkeley, CA, 94703, USA",2019/06/05,37.84671153,-122.2732138,point,"-122.27321399966792,37.84671199981176"
705,positive,,,,,,,,,,,,,,"walk, bike",good-sign,,,,,,"2998 King St, Berkeley, CA, 94703, USA",2019/06/05,37.85410609,-122.2742955,point,"-122.27429499994146,37.85410600011072"
708,nearMiss,05/2019,bike,day,driver,,none,,,other,,,,,,,,,,,,"2825-2899 Milvia St, Berkeley, CA, 94703, USA",2019/06/10,37.85650259,-122.2689782,point,"-122.26897800023384,37.85650300019515"
997,incident,10/2016,bike,day,driver,,minor,unsafe-speed,A car ran a red light and hit me on my bike.,,no,,,,,,,,,,,"2251-2259 Shattuck Ave, Berkeley, CA, 94704, USA",2019/07/26,37.86851345,-122.2677268,point,"-122.26772700008098,37.8685129997976"
1313,incident,08/2019,bike,day,driver,,none,no-yield,"Stopped at stop sign on Allston heading east. Signaled to turn left onto California. Signaled before entering traffic circle, and while continuing straight. Stopped signaling as I began the left turn in the circle. Driver stopped at westbound Allston stop sign drove into intersection as I was still in the traffic circle. Was hit by the front of the vehicle on the entire right hand side of the bike in the traffic circle. I fell over. Damage to bike basket which was hanging on the rear rightside-rack and the rack support broke.",,yes,,,,,,,,,,,"2201-2299 California St, Berkeley, CA, 94703, USA",2019/10/09,37.86786381,-122.2794058,point,"-122.27940599978476,37.86786399968103"
1314,nearMiss,10/2019,bike,night,driver,,none,,,"curving, no-yield",,,,,,,,,,,,"1201-1233 Addison St, Berkeley, CA, 94702, USA",2019/10/09,37.86869752,-122.2880737,point,"-122.28807400026807,37.86869800034422"
1315,unsafe,,,,,,,,,,,"walk, bike",day,no-yield,,,,,,,,"2825-2869 9th St, Berkeley, CA, 94710, USA",2019/10/09,37.85396163,-122.289628,point,"-122.28962800036966,37.853962000304854"
1327,incident,10/20/2019,walk,day,"driver, ped",,,no-yield,,,,,,,,,,,,,,"2022 Emerson St, Berkeley, CA, 94703, USA",2019/10/20,37.85429724,-122.2679517,point,"-122.26795200021186,37.854296999793696"
1364,nearMiss,11/07/2019,walk,day,,,,,,gravel,,,,,,,,,,,,"Mudrakers Cafe, 2801 Telegraph Ave, Berkeley, CA, 94705, USA",2019/11/07,37.85943,-122.25921,point,"-122.25921000010871,37.85943000006483"
1375,positive,,,,,,,,,,,,,,"walk, bike, skateboard","safe-speed, good-sidewalk, good-sign",,,,,,"2701-2705 Ashby Ave, Berkeley, CA, 94705, USA",2019/11/09,37.8570898,-122.2530711,point,"-122.25307099969528,37.85708999976871"
1378,unsafe,,,,,,,,,,,"walk, bike, ride","day, night","no-yield, driving-speed",,,,,,,,"1579-1599 Ashby Ave, Berkeley, CA, 94703, USA",2019/11/09,37.85359327,-122.277039,point,"-122.27703900009654,37.8535930000503"
1379,unsafe,,,,,,,,,,,"walk, bike","day, night","poor-sidewalk, poor-bikelane, obstacle, no-yield, driving-speed",,,,,,,,"1315 Ashby Ave, Berkeley, CA, 94702, USA",2019/11/09,37.85290416,-122.2830848,point,"-122.2830849997252,37.85290400023812"
1382,nearMiss,08/2019,walk,day,driver,,none,,,"no-yield, unsafe-speed",,,,,,,,,,,,"3200 Shattuck Ave, Berkeley, CA, 94705, USA",2019/11/10,37.8522,-122.2663275,point,"-122.2663269999652,37.85219999996008"
1443,incident,11/2019,walk,day,driver,,none,,"In November, 2 cars drove into the traffic circle at the intersection of spruce and vine. We are aware of 8 or 9 such incidents since the traffic circle was reconfigured to be a rain collector. drivers dont realize that the circle is recessed and drive over the curb, falling in. the city has not repaired the broken signs, missing raised pavement markers, or replanted the circle to make it visible.",,yes,,,,,,,,,,,"2229 Vine St, Berkeley, CA, 94709, USA",2019/11/20,37.880865,-122.265783,point,"-122.26578299999206,37.880865000049496"
1470,unsafe,,,,,,,,,,,walk,"day, night","poor-sidewalk, poor-sign, no-yield",,,,,,,,"1816 Ashby Ave, Berkeley, CA, 94703, USA",2019/11/25,37.85410027,-122.2724395,point,"-122.27244000043933,37.854100000242646"
1473,nearMiss,07/2019,bike,day,"driver, ped",,none,,,"no-yield, unsafe-speed",,,,,,,,,,,,"2962-2998 California St, Berkeley, CA, 94703, USA",2019/11/25,37.85360198,-122.2770209,point,"-122.27702099965488,37.85360200026877"
1476,unsafe,,,,,,,,,,,bike,"day, night",poor-bikelane,,,,,,,,"1970-1998 Russell St, Berkeley, CA, 94703, USA",2019/11/26,37.85637,-122.2689223,point,"-122.26892200015736,37.8563700001183"
1478,nearMiss,02/2019,walk,day,"driver, bike",,none,,,"poor-bikelane, unsafe-speed",,,,,,,,,,,,"2111-2129 Kittredge St, Berkeley, CA, 94704, USA",2019/11/26,37.86865608,-122.267129,point,"-122.26712899968118,37.86865600035288"
1519,unsafe,,,,,,,,,,,"walk, bike","day, night","no-yield, driving-speed, other",,,,,,,,"San Pablo Ave, Berkeley, CA, 94710, USA",2019/11/30,37.86451335,-122.2907291,point,"-122.2907289998364,37.8645129997581"
1520,unsafe,,,,,,,,,,,"walk, bike","day, night","poor-sidewalk, poor-bikelane, poor-lighting, no-yield, driving-speed",,,,,,,,"900-908 Ashby Ave, Berkeley, CA, 94710, USA",2019/11/30,37.85097802,-122.2910585,point,"-122.29105799972437,37.850978000289516"
1836,nearMiss,12/09/2019,walk,day,"driver, ped",,none,,,"no-yield, unsafe-speed",,,,,,,,,,,,"924-998 Hearst Ave, Berkeley, CA, 94710, USA",2019/12/13,37.86969827,-122.2959072,point,"-122.29590699962682,37.8696980002598"
1857,unsafe,,,,,,,,,,,"walk, bike","day, night","no-yield, driving-speed",,,,,,,,"Virginia St, Berkeley, CA, 94710, USA",2019/12/17,37.87343553,-122.2935613,point,"-122.293561,37.873436"
1884,unsafe,,,,,,,,,,,bike,"day, night","poor-sign, driving-speed",,,,,,,,"2901-2939 Hillegass Ave, Berkeley, CA, 94705, USA",2019/12/24,37.85674896,-122.2554315,point,"-122.255431,37.856749"
1892,unsafe,,,,,,,,,,,"walk, bike","day, night","poor-sign, no-yield, driving-speed",,,,,,,,"San Pablo Ave, Berkeley, CA, 94710, USA",2019/12/26,37.87353686,-122.2936228,point,"-122.293623,37.873537"
1893,unsafe,,,,,,,,,,,walk,"day, night","poor-sign, no-yield, driving-speed",,,,,,,,"2000-2010 Ashby Ave, Berkeley, CA, 94703, USA",2019/12/26,37.85490846,-122.2686018,point,"-122.268602,37.854908"
1894,unsafe,,,,,,,,,,,walk,"day, night","poor-sign, no-yield, driving-speed",,,,,,,,"3001 Fulton St, Berkeley, CA, 94705, USA",2019/12/26,37.8555458,-122.2634319,point,"-122.263432,37.855546"
2062,incident,02/2020,walk,day,driver,,none,poor-sidewalk,b,,no,,,,,,,,,,,"Newman Center, Berkeley, CA, USA",2020/02/26,37.86548,-122.25358,point,"-122.25358,37.86548"
2073,nearMiss,09/2019,walk,day,driver,,none,,,"no-yield, unsafe-speed",,,,,,,,,,,,"2600-2606 Haste St, Berkeley, CA, 94720, USA",2020/02/27,37.86627904,-122.2563034,point,"-122.256303,37.866279"
2101,unsafe,,,,,,,,,,,bike,day,,,,,,,,,"1701-1779 Arch St, Berkeley, CA, 94709, USA",2020/03/11,37.8772805,-122.2641664,point,"-122.264166,37.877281"
2121,unsafe,,,,,,,,,,,,,,,,,,,,,"1807 Addison St, Berkeley, CA, 94703, USA",2020/03/30,37.870659,-122.2748145,point,"-122.274814,37.870659"
2125,unsafe,,,,,,,,,,,walk,"day, night",driving-speed,,,,,,"speed, signs, enforcement",,"Shattuck Ave, Berkeley, CA, 94704, USA",2020/04/09,37.86404233,-122.267417,point,"-122.267417,37.864042"
2132,unsafe,,,,,,,,,,,walk,"day, night","poor-street, poor-lighting, no-yield, driving-speed",,,,,,"pavement, signs, enforcement",,"2032-2098 Dwight Way, Berkeley, CA, 94704, USA",2020/04/15,37.86390963,-122.267442,point,"-122.267442,37.86391"
2609,incident,,walk,,,,,,,,,,,,,,,,,,,"Dwight Way, Berkeley, CA, 94704, USA",2020/11/06,37.86397826,-122.2673606,point,"-122.267361,37.863978"
2610,incident,,walk,,,,,,,,,,,,,,,,,,,"Dwight Way, Berkeley, CA, 94704, USA",2020/11/06,37.86397826,-122.2673606,point,"-122.267361,37.863978"
2679,nearMiss,09/2020,bike,day,driver,,minor,,,"no-yield, unsafe-speed",,,,,,,,no,,"speed, bikelane, signs, education, enforcement",,"2162-2198 Dwight Way, Berkeley, CA, 94704, USA",2020/11/19,37.86418171,-122.2652725,point,"-122.265272,37.864182"
2805,nearMiss,12/2020,bike,day,driver,,none,,,no-yield,,,,,,,,no,,"education, enforcement, other",Parked cars were blocking the driver’s view. The area near the stop sign should be painted red more prominently so that drivers do not park there and prevent other drivers from seeing. Parking violations could then be enforced better in those residential areas.,"1040-1066 Cragmont Blvd, Berkeley, CA, 94708, USA",2020/12/19,37.89070361,-122.2638593,point,"-122.263859,37.890704"
2913,nearMiss,05/06/2021,walk,day,driver,,none,,,unsafe-speed,,,,,,,,,,speed,,"Marin Ave & Tulare Ave, Berkeley, CA, 94707, USA",2021/05/06,37.88941002,-122.2818599,point,"-122.28186,37.88941"
3063,incident,,other,day,driver,,none,"poor-bikelane, no-yield, unsafe-speed","Crashes happen here so often that we can hear it from our living room! At least 1-2 per month or more. A light, or stop sign, or something would help a lot. ",,yes,,,,,,,,,"speed, bikelane, signs, crosswalks, education, enforcement, community",This is a very dangerous corner. I wish the City of Berkeley would do something about it. ,"1900-1998 Blake St, Berkeley, CA, 94704, USA",2021/10/12,37.86238503,-122.2719882,point,"-122.271988,37.862385"
3666,nearMiss,06/2022,walk,day,driver,,none,,,"poor-sign, no-yield, unsafe-speed","drivers routinely yield at the last possible second here, or have to slam on the brakes. Intersection needs a clearly painted crosswalk, stop sign, or speed bumps.""",,,,,,,,,,"speed, signs, crosswalks, enforcement",,"1500-1598 Walnut St, Berkeley, CA, 94709, USA",2022/08/16,37.87855505,-122.2680422,point
3799,unsafe,,,,,,,,,,,"walk, bike, scooter, ride",day,"poor-sidewalk, poor-bikelane, poor-street, poor-lighting, no-yield",,,,,,"speed, signs, crosswalks",,"2200-2228 Virginia St, Berkeley, CA, 94709, USA",2023/01/28,37.87681575,-122.2666304,point,"-122.26663,37.876816"
3816,nearMiss,12/2022,walk,day,"driver, ped, bike",,none,,,"poor-sign, no-yield, unsafe-speed",,,,,,,,,,"speed, bikelane, signs, crosswalks, enforcement",,"San Pablo Ave, Berkeley, CA, 94702, USA",2023/02/01,37.87342484,-122.2934725,point,"-122.293472,37.873425"
3819,nearMiss,01/2023,walk,night,"driver, ped",,none,,,no-yield,,,,,,,,,,"speed, lighting, signs, crosswalks, education, enforcement",,"1889-1899 University Ave, Berkeley, CA, 94703, USA",2023/02/01,37.87165242,-122.2731483,point,"-122.273148,37.871652"
3830,nearMiss,01/2023,walk,day,driver,,none,,,"no-yield, car-door",,,,,,,,,,enforcement,,"2276-2298 Durant Ave, Berkeley, CA, 94704, USA",2023/02/02,37.86714899,-122.2635614,point,"-122.263561,37.867149"
3843,nearMiss,01/28/2023,walk,day,"driver, ped",,none,,,no-yield,,,,,,,,,,enforcement,,"University Ave, Berkeley, CA, 94704, USA",2023/02/05,37.87210977,-122.2683456,point,"-122.268346,37.87211"
3846,unsafe,,,,,,,,,,,"walk, transit","day, night","no-yield, driving-speed",,,,,,"speed, enforcement",,"2301-2349 Telegraph Ave, Berkeley, CA, 94704, USA",2023/02/05,37.86808909,-122.2590026,point,"-122.259003,37.868089"
3849,unsafe,,,,,,,,,,,bike,"day, night",driving-speed,,,,,,"bikelane, education, community",,"Family Counseling & Mediation Center, 2832 College Ave, Berkeley, CA, 94705, USA",2023/02/05,37.858775,-122.253525,point,"-122.253525,37.858775"
3850,unsafe,,,,,,,,,,,"walk, bike","day, night","poor-bikelane, poor-street, no-yield, driving-speed",,,,,,"bikelane, education, community",,"Shattuck Ave, Berkeley, CA, 94705, USA",2023/02/05,37.86010153,-122.2672831,point,"-122.267283,37.860102"
3851,unsafe,,,,,,,,,,,bike,"day, night","no-yield, driving-speed",,,,,,"speed, signs",,"2901-2925 Hillegass Ave, Berkeley, CA, 94705, USA",2023/02/06,37.8581321,-122.2555947,point,"-122.255595,37.858132"
3852,unsafe,,,,,,,,,,,walk,"day, night","no-yield, driving-speed",,,,,,"speed, education, community",,"2700-2726 Durant Ave, Berkeley, CA, 94704, USA",2023/02/08,37.86830271,-122.2544432,point,"-122.254443,37.868303"
3853,nearMiss,02/07/2023,walk,night,driver,,none,,,"unsafe-speed, other",,,,,,,,,,"speed, signs, crosswalks, education, enforcement",,"Allston Way, Berkeley, CA, 94704, USA",2023/02/08,37.8696814,-122.2658702,point,"-122.26587,37.869681"
3857,incident,09/29/2022,bike,day,driver,,minor,"poor-bikelane, no-yield","I was waiting at a red light in the center of the lane on my bike; there was no bike lane. A car behind me stuck my rear wheel, throwing me to the ground. Someone drove me to the emergency room; I had hand and arm pain for months from bone contusions, but no major fractures. The bike was partially destroyed, twisted metal. The driver claims he thought it was a green light (it was not), and also that he didn't  see me directly in front of him. I was wearing a day-glo helmet and had a day-glo pannier/backpack to prevent this, but he hit me anyway. If he had gone two feet further I probably would have died.",,yes,,,,,,,no,,"speed, bikelane, pavement, benches, community, other",More car free streets. ,"1101-1105 Allston Way, Berkeley, CA, 94702, USA",2023/02/08,37.86646663,-122.2910905,point,"-122.29109,37.866467"
3858,nearMiss,02/08/2023,scooter,night,"driver, scooter",bikelane,none,,,,,,,,,,,,bikelane,,Make it clear to motorised vehicles that this is a shared land,"2468-2474 Bancroft Way, Berkeley, CA, 94704, USA",2023/02/08,37.86858356,-122.2598749,point,"-122.259875,37.868584"
3859,nearMiss,,walk,day,"driver, ped",,none,,,no-yield,,,,,,,,,,"signs, crosswalks",,"2693-2699 Channing Way, Berkeley, CA, 94704, USA",2023/02/09,37.86753409,-122.2543288,point,"-122.254329,37.867534"
3860,incident,,walk,,,,,,,,,,,,,,,,,,,"East Bay School for Boys, 2340 Durant Ave, Berkeley, CA, 94704, USA",2023/02/09,37.86749,-122.26144,point,"-122.26144,37.86749"
3862,nearMiss,02/12/2023,scooter,day,driver,,none,,,unsafe-speed,,,,,,,,,street,"speed, bikelane, enforcement","Add speed traps and cameras. This is unacceptable that bikers, e-scooters, and e-skateboard rides who lawfully ride on the side of the roads have been almost killed by these reckless people.","2320-2368 College Ave, Berkeley, CA, 94704, USA",2023/02/12,37.86798338,-122.2544629,point,"-122.254463,37.867983"
3863,unsafe,,,,,,,,,,,ride,night,other,,,,,,other,"Pedestrians that think before moving, follow the walk signs or at the least, if they cross ","2500-2516 Bancroft Way, Berkeley, CA, 94704, USA",2023/02/13,37.86868517,-122.2590953,point,"-122.259095,37.868685"
3879,nearMiss,02/2023,wheelchair,day,driver,,none,,,"no-yield, unsafe-speed, other",,,,,,,wheelchair,,,"speed, sidewalk, bikelane, pavement, signs, crosswalks, benches, education, community",,"Allstate Insurance, 2489 Martin Luther King Jr Way, Berkeley, CA, 94704, USA",2023/02/18,37.863627,-122.271848,point,"-122.271848,37.863627"
3880,nearMiss,01/2023,walk,day,driver,,none,,,no-yield,,,,,,,,,,crosswalks,The light for Mabel requires a long wait and I think drivers are anxious to speed through the yellow so they don’t have to wait so long. And they rush through as soon as it turns green because they have been waiting there so long. ,"1300-1378 Ashby Ave, Berkeley, CA, 94702, USA",2023/02/21,37.85269939,-122.283659,point,"-122.283659,37.852699"
3890,incident,10/18/2022,scooter,day,driver,,minor,"poor-lighting, curving, no-yield, unsafe-speed","I was riding my scooter (with lights on and a helmet) and someone in a car went blazing down the hill on Channing towards the traffic circle. I got hit by what I am assuming is their mirror, and I braked, flipped over the handlebars, hit my head and knee, and tried to brace with my hands. I got a concussion, required stitches, and sustained a minor bone fracture and an injury to my knee. I had to withdraw from the semester because of the severity of my injuries. I didn’t see who hit me, they just drove away. ",,yes,,,,,,,,street,"bikelane, pavement, lighting, crosswalks, benches, enforcement",,"Channing Way, Berkeley, CA, 94704, USA",2023/02/28,37.86793291,-122.2507778,point,"-122.250778,37.867933"
3891,nearMiss,02/28/2023,walk,night,driver,,none,,,other,,,,,,,,,,"crosswalks, enforcement",,"1838 Rose St, Berkeley, CA, 94703, USA",2023/02/28,37.88114999,-122.274429,point,"-122.274429,37.88115"
3892,nearMiss,02/27/2023,other,day,"driver, ped",,none,,,no-yield,,,,,,,,,,"crosswalks, enforcement, other",Ban right on red! Car didnt even slow before turning right and almost killed the old man who was crossing,"2091-2099 Addison St, Berkeley, CA, 94704, USA",2023/02/28,37.87121868,-122.2682129,point,"-122.268213,37.871219"
3895,nearMiss,02/2023,walk,night,driver,,none,,,no-yield,,,,,,,,,,"speed, education, enforcement",,"2301-2399 McGee Ave, Berkeley, CA, 94703, USA",2023/03/05,37.86464535,-122.2767838,point,"-122.276784,37.864645"
3900,incident,12/2006,walk,day,driver,,sev,"no-yield, unsafe-speed","I was walking to the 7 bus stop and a driver came off of the circle through the crosswalk I was in, hitting me and causing a traumatic brain injury and back problems. I was 13 and had to stop running. The driver stopped and was sobbing over me when I regained consciousness. He kept calling my family afterwards. I know he felt horrible. I wish I could find him and tell him things worked out ok. ",,yes,,,,,,,,,signs,,"Marin Circle Fountain, The Circle, Berkeley, CA, 94707, USA",2023/03/07,37.89025,-122.27245,point,"-122.27245,37.89025"
3903,nearMiss,06/2022,bike,day,driver,,none,,,"poor-sign, no-yield, unsafe-speed",,,,,,,,no,,"speed, signs, crosswalks",,"1625-1699 California St, Berkeley, CA, 94703, USA",2023/03/12,37.87516086,-122.2801796,point,"-122.28018,37.875161"
3905,incident,02/2023,bike,day,driver,,minor,car-door,Doored by a women getting out of her car.,,yes,,,,,,,no,,bikelane,,"University Ave, Berkeley, CA, 94703, USA",2023/03/12,37.8715845,-122.2732394,point,"-122.273239,37.871584"
3908,nearMiss,03/09/2023,walk,day,"driver, bus",,none,,,other,,,,,,,,,,signs,"The city is clearly not interested in what I have to say about this intersection so I'm glad that you've made the option available. I hope that my report can bring real change to this intersection before I, or someone else, is killed here.","1930-1948 Shattuck Ave, Berkeley, CA, 94704, USA",2023/03/16,37.87312378,-122.2685671,point,"-122.268567,37.873124"
3909,nearMiss,03/16/2023,walk,day,"driver, ped",,none,,,"no-yield, unsafe-speed",,,,,,,,,,"speed, signs, enforcement",Please urge the city to install lights at this intersection before someone is killed here. It's not a rare occurrence that drivers don't yield here.,"1930-1948 Shattuck Ave, Berkeley, CA, 94704, USA",2023/03/16,37.87312117,-122.2685668,point,"-122.268567,37.873121"
3910,unsafe,,,,,,,,,,,walk,"day, night","poor-sidewalk, poor-bikelane, poor-sign, obstacle, no-yield",,,,,,"sidewalk, bikelane, crosswalks, enforcement, other",Access to beg button or better pedestrian sensing. Blocking off a car lane to make room for pedestrians and cyclists. Adding a crosswalk closer than the one by Spruce street.,"2300-2310 Hearst Ave, Berkeley, CA, 94709, USA",2023/03/19,37.87452024,-122.2639127,point,"-122.263913,37.87452"
3911,unsafe,,,,,,,,,,,"walk, bike","day, night","poor-bikelane, other",,,,,,"bikelane, education, enforcement, community, other","For a busy downtown intersection in Berkeley, this intersection is surprisingly unfriendly to pedestrians and cyclists. There are few bike lanes and none are protected, and this intersection is simply too big.","University Ave, Berkeley, CA, 94704, USA",2023/03/19,37.87209892,-122.2684294,point,"-122.268429,37.872099"
3916,incident,01/2023,walk,day,driver,,minor,poor-sign,Two cars hit each other while crossing intersection,,yes,,,,,,,,,signs,"There is literally no sign for a four way intersection, all cars coming at high speeds. Four line of traffic (two in each direction) to cross and not even a pedestrian light sign, completely ridiculous. This is the 6th accident I’ve seen at this one intersection ","2037 Parker St, Berkeley, CA, 94704, USA",2023/03/22,37.862334,-122.267978,point,"-122.267978,37.862334"
3917,incident,02/2023,walk,day,bike,,minor,"poor-bikelane, no-yield, unsafe-speed",Bike didn’t yield to pedestrians at an intersection on campus during a time of heavy pedestrian traffic.,,no,,,,,,,,,"speed, bikelane, signs, education, enforcement",I am frequently scared of bikes and skateboards on campus as a pedestrian ,"139-290 Campanile Way, Berkeley, CA, 94720, USA",2023/03/22,37.87161263,-122.2600291,point,"-122.260029,37.871613"
3922,nearMiss,03/2023,ride,day,ped,,none,,,no-yield,,,,,,,,,,"education, enforcement, other",Citations for jay walkers ,"1307-1313 Bancroft Way, Berkeley, CA, 94702, USA",2023/03/24,37.86535019,-122.2856308,point,"-122.285631,37.86535"
3924,nearMiss,12/2022,walk,day,driver,,none,,,other,,,,,,,,,,"education, enforcement",Maybe right turns on red are not a good idea??,"2000-2042 Oxford St, Berkeley, CA, 94704, USA",2023/03/26,37.87234135,-122.2662261,point,"-122.266226,37.872341"
3925,nearMiss,04/2022,walk,day,driver,,none,,,no-yield,,,,,,,,,,"education, enforcement",Crack down on drug and alcohol impairs drivers???,"Milvia St, Berkeley, CA, 94704, USA",2023/03/26,37.87189053,-122.2706134,point,"-122.270613,37.871891"
3926,unsafe,,,,,,,,,,,walk,"day, night",no-yield,,,,,,"signs, crosswalks, education, enforcement","Sadly, crosswalks like these may be counterproductive bc the give pedestrians false reassurances.","2254-2264 Hearst Ave, Berkeley, CA, 94709, USA",2023/03/26,37.87420394,-122.2652555,point,"-122.265255,37.874204"
3927,unsafe,,,,,,,,,,,walk,"day, night","poor-sign, no-yield",,,,,,"signs, crosswalks, education, enforcement",,"1694 Oxford St, Berkeley, CA, 94709, USA",2023/03/26,37.87705698,-122.266879,point,"-122.266879,37.877057"
3928,unsafe,,,,,,,,,,,walk,"day, night","poor-sign, no-yield",,,,,,"signs, crosswalks, education, enforcement",,"1694 Oxford St, Berkeley, CA, 94709, USA",2023/03/26,37.87705698,-122.266879,point,"-122.266879,37.877057"
3929,unsafe,,,,,,,,,,,walk,"day, night","poor-sign, no-yield",,,,,,"signs, crosswalks, education, enforcement",,"1694 Oxford St, Berkeley, CA, 94709, USA",2023/03/26,37.87705698,-122.266879,point,"-122.266879,37.877057"
3930,unsafe,,,,,,,,,,,walk,"day, night","poor-sign, no-yield",,,,,,"signs, crosswalks, education, enforcement",,"1694 Oxford St, Berkeley, CA, 94709, USA",2023/03/26,37.87705698,-122.266879,point,"-122.266879,37.877057"
3941,nearMiss,12/2020,walk,day,driver,,none,,,no-yield,,,,,,,,,,"education, enforcement", Penalties for talking on the phone while driving?,"Enterprise-Berkeley-Oxford St, 1990 Oxford St, Berkeley, CA, 94704, USA",2023/04/03,37.87275,-122.26636,point,"-122.26636,37.87275"
3942,nearMiss,10/2022,walk,day,driver,,none,,,no-yield,,,,,,,,,,"education, enforcement",Maybe allowing right turns on red is more than some drivers are able to manage?,"Rojbas Grill, 1901 University Ave, Berkeley, CA, 94704, USA",2023/04/03,37.87176,-122.272861,point,"-122.272861,37.87176"
3943,unsafe,,,,,,,,,,,walk,"day, night","no-yield, other",,,,,,"signs, crosswalks, education, enforcement","Given the reality of driving habits, it might be safer to eliminate crosswalks, which serve to give pedestrians a false sense of safety. 

Or perhaps crosswalks could have a sign for pedestrians that says Do not enter the crosswalk until you have made eye contact with the driver of the vehicle.""""","1799 Spruce St, Berkeley, CA, 94709, USA",2023/04/03,37.87513602,-122.264725,point,"-122.264725,37.875136"
3944,unsafe,,,,,,,,,,,"walk, ride","day, night","poor-sign, no-yield, driving-speed",,,,,,"signs, crosswalks, education, enforcement",More signs?  Repainting the crosswalk so it is visible? Putting stop signs at that heavily traveled intersection? Slowing down traffic on Oxford? ,"Student Organic Garden, Berkeley, CA, USA",2023/04/03,37.8766,-122.26776,point,"-122.26776,37.8766"
3945,nearMiss,,walk,day,driver,,none,,,"no-yield, unsafe-speed",,,,,,,,eBike,,enforcement,,"Coracao Chocolate, Center St, Berkeley, CA, 94704, USA",2023/04/03,37.864892,-122.272524,point,"-122.272524,37.864892"
3947,unsafe,,,,,,,,,,,bike,"day, night","driving-speed, other",,,,,,"enforcement, other",I have reported numerous incidents to police only to get the telephone version of a shrug.,"2300-2398 Martin Luther King Jr Way, Berkeley, CA, 94704, USA",2023/04/03,37.86517115,-122.2723829,point,"-122.272383,37.865171"
3958,incident,10/17/2020,bike,night,other,,sev,"no-yield, unsafe-speed",A motorcyclist hit a bicyclist. The motorcyclist was going very fast. The bicyclist was taking to the hospital with fractured ribs and took several months to recover. The bicyclist's bike was also damaged. ,,yes,,,,,,,no,,speed,Flashing lights for bicyclists,"Sacramento St, Berkeley, CA, 94702, USA",2023/04/09,37.84871846,-122.2780172,point,"-122.278017,37.848718"
3959,incident,,walk,,driver,,minor,no-yield,A car driver hit a neighbor who was walking. The neighbor had knee injuries and had to do a lot of physical therapy. ,,no,,,,,,,,,"bikelane, crosswalks",,"Sacramento St, Berkeley, CA, 94702, USA",2023/04/09,37.84798032,-122.2778532,point,"-122.277853,37.84798"
3960,unsafe,,,,,,,,,,,bike,"day, night",poor-bikelane,,,,,,bikelane,We need bike lanes for Hopkins to be safe for everyone including bicyclists. ,"1531-1551 Hopkins St, Berkeley, CA, 94707, USA",2023/04/09,37.88161358,-122.2822057,point,"-122.282206,37.881614"
3961,unsafe,,,,,,,,,,,bike,"day, night",,,,,,,enforcement,Lights for bikes/pedestrians at Russell + Shattuck. ,"2882-2898 Shattuck Ave, Berkeley, CA, 94704, USA",2023/04/09,37.85672139,-122.2667738,point,"-122.266774,37.856721"
3962,nearMiss,04/2023,walk,day,driver,,none,,,no-yield,,,,,,,,,,"speed, crosswalks",,"2350-2398 Dana St, Berkeley, CA, 94704, USA",2023/04/10,37.86663388,-122.261146,point,"-122.261146,37.866634"
3963,nearMiss,04/2023,walk,day,driver,,none,,,no-yield,,,,,,,,,,"crosswalks, enforcement",,"2334-2398 Durant Ave, Berkeley, CA, 94704, USA",2023/04/10,37.86748247,-122.2612556,point,"-122.261256,37.867482"
3965,nearMiss,04/2023,walk,day,"driver, bike",,none,,,"no-yield, unsafe-speed",,,,,,,,,,"speed, signs, education, enforcement",It’s well known in Berkeley that Sacramento isn’t policed much so drivers feel they can get away with truly reckless driving,"2924 Sacramento St, Berkeley, CA, 94702, USA",2023/04/10,37.85440699,-122.27963,point,"-122.27963,37.854407"
3966,nearMiss,04/2023,walk,day,"driver, ped",,none,,,"no-yield, unsafe-speed",,,,,,,,,,"speed, enforcement",I rarely see cars slow down let alone stop at stop signs around Sacramento St. ,"1434 Blake St, Berkeley, CA, 94702, USA",2023/04/10,37.86107001,-122.281466,point,"-122.281466,37.86107"
3967,nearMiss,04/2023,walk,day,"driver, bike",,none,,,"no-yield, unsafe-speed",,,,,,,,,,"speed, signs, enforcement","It’s well known in Berkeley that there is no traffic enforcement on Sacramento, so drivers feel they can do whatever they like. I see drivers nearly hit pedestrians and cyclists like this multiple times a week","1500-1518 Russell St, Berkeley, CA, 94703, USA",2023/04/10,37.85484176,-122.2792601,point,"-122.27926,37.854842"
3969,unsafe,,,,,,,,,,,walk,day,other,,,,,,"education, enforcement",There is no parking enforcement in this neighborhood so motorists seem to think they can park anywhere ,"2924 Sacramento St, Berkeley, CA, 94702, USA",2023/04/11,37.85440699,-122.27963,point,"-122.27963,37.854407"
3970,nearMiss,04/2023,walk,day,driver,,none,,,"no-yield, unsafe-speed",,,,,,,,,,"education, enforcement",,"1901-1915 Russell St, Berkeley, CA, 94703, USA",2023/04/11,37.85620395,-122.2712696,point,"-122.27127,37.856204"
3972,unsafe,,,,,,,,,,,bike,"day, night",poor-street,,,,,,pavement,,"Russell St, Berkeley, CA, 94702, USA",2023/04/13,37.85407268,-122.2842114,point,"-122.284211,37.854073"
3973,nearMiss,04/2023,walk,day,driver,street,none,,,"no-yield, unsafe-speed",,,,,,,,,,"speed, signs, education, enforcement",,"2700-2832 Channing Way, Berkeley, CA, 94704, USA",2023/04/13,37.86768121,-122.2520979,point,"-122.252098,37.867681"
3997,nearMiss,04/2023,walk,day,driver,,none,,,unsafe-speed,,,,,,,,,,signs,I think the roundabouts make it hard for people to see when people are crossing on the other side.,"2301-2311 McKinley Ave, Berkeley, CA, 94703, USA",2023/04/29,37.86676277,-122.273561,point,"-122.273561,37.866763"
4017,nearMiss,05/2023,walk,day,"driver, ped",,none,,,no-yield,,,,,,,,,,"education, enforcement",,"2350-2398 Dana St, Berkeley, CA, 94704, USA",2023/05/03,37.866636,-122.2611465,point,"-122.261146,37.866636"
4018,nearMiss,04/2023,walk,day,"driver, ped",,none,,,no-yield,,,,,,,,,,"education, enforcement",,"2401-2411 Channing Way, Berkeley, CA, 94704, USA",2023/05/03,37.86668018,-122.2610547,point,"-122.261055,37.86668"
4086,nearMiss,03/2023,bike,day,"driver, bike",,none,,,"poor-sign, no-yield",,,,,,,,no,,"signs, enforcement",,"2927-2939 Hillegass Ave, Berkeley, CA, 94705, USA",2023/05/15,37.85675669,-122.255432,point,"-122.255432,37.856757"
4088,nearMiss,05/2023,walk,day,"driver, bike",,none,,,no-yield,,,,,,,,,,"crosswalks, enforcement",,"2112-2198 Channing Way, Berkeley, CA, 94704, USA",2023/05/16,37.86596695,-122.2656598,point,"-122.26566,37.865967"
4135,nearMiss,04/2023,walk,day,driver,,none,,,"poor-sign, no-yield, unsafe-speed",,,,,,,,,,"speed, signs, education, enforcement",A mirror on the street for cars to see who is on the sidewalk ready to cross since pedestrians arent visible until already on the crossline ,"2689-2699 Warring St, Berkeley, CA, 94720, USA",2023/06/05,37.86235372,-122.2500496,point,"-122.25005,37.862354"
4136,incident,,walk,,,,,,,,,,,,,,,,,,,"2825-2857 Derby St, Berkeley, CA, 94705, USA",2023/06/05,37.86239293,-122.2500108,point,"-122.250011,37.862393"
4188,nearMiss,11/2022,bike,day,driver,,none,,,unsafe-speed,,,,,,,,eBike,,"speed, bikelane, signs, enforcement, other","Traffic diverters, speed tables/cushions, stop signs","1324-1398 McGee Ave, Berkeley, CA, 94703, USA",2023/06/22,37.88010664,-122.2796949,point,"-122.279695,37.880107"
4189,nearMiss,03/2023,walk,day,driver,,none,,,"poor-bikelane, no-yield, unsafe-speed",,,,,,,,no,,"speed, signs, education, enforcement",,"1758-1758 Rose St, Berkeley, CA, 94703, USA",2023/06/22,37.88074702,-122.2777856,point,"-122.277786,37.880747"
4190,unsafe,,,,,,,,,,,"walk, bike","day, night","no-yield, driving-speed",,,,,,"speed, signs, enforcement",,"1022-1028 Cedar St, Berkeley, CA, 94710, USA",2023/06/22,37.87493013,-122.2952175,point,"-122.295217,37.87493"
4210,incident,07/05/2023,bike,day,driver,,minor,"poor-sign, no-yield","I had right of way on my bike hoping straight while a car opposite to me was turning right. Instead of waiting for me to pass, the car chose to make the turn anyway causing me to crash into them while going 20 mph.",,no,,,,,,,eBike,,"speed, bikelane, pavement, crosswalks, community","Raised crosswalks would have prevented this issue in the moment. Acting as a sort of speed bump while exiting or entering the street of an intersection, the car would have had more time to notice me crossing the street and have the time necessary to stop.
Better and more bike lanes would have made me go one street over, as Dwight Way has no bike lanes and bicycle boulevards are nearly indistinguishable from normal roads causing cars to go the same speed anyway.
Adding raised sidewalks, more distinguishing features, and getting cars to feel uncomfortable going fast when faced with a large empty straight road would help make our streets safer for alternative modes of transportation.","1700 Parker St, Berkeley, CA, 94703, USA",2023/07/12,37.86089198,-122.27596,point,"-122.27596,37.860892"
4214,unsafe,,,,,,,,,,,walk,"day, night",no-yield,,,,,,"signs, crosswalks, education, enforcement",,"Cedar Market, 1601 California St, Berkeley, CA, 94703, USA",2023/07/17,37.876834,-122.280268,point,"-122.280268,37.876834"
4220,nearMiss,07/18/2023,walk,day,driver,,none,,,"poor-sign, no-yield, unsafe-speed",,,,,,,,,,"speed, signs, education, enforcement","We need stops, yields and crossing signs here. ","2701-2799 Channing Way, Berkeley, CA, 94704, USA",2023/07/18,37.86779704,-122.2520967,point,"-122.252097,37.867797"
4221,unsafe,,,,,,,,,,,walk,day,"poor-sign, no-yield, driving-speed",,,,,,"speed, signs, education, enforcement",,"Piedmont Ave, Berkeley, CA, 94704, USA",2023/07/18,37.86783002,-122.25209,point,"-122.25209,37.86783"
4225,nearMiss,07/08/2023,bike,day,driver,,none,,,"poor-bikelane, poor-street",,,,,,,,no,,"speed, bikelane, education",,"1501-1525 Dwight Way, Berkeley, CA, 94703, USA",2023/07/21,37.86232144,-122.2806262,point,"-122.280626,37.862321"
4569,nearMiss,10/05/2023,bike,day,driver,,none,,,no-yield,,,,,,,,no,,"bikelane, education, enforcement, community",,"708-718 Addison St, Berkeley, CA, 94710, USA",2023/10/07,37.8661837,-122.2994659,point,"-122.299466,37.866184"
4606,unsafe,,,,,,,,,,,wheelchair,"day, night","poor-lighting, no-yield, driving-speed",,,,,,"speed, lighting, signs, enforcement",flashing lights and or stops signs at these crossings is needed,"3101 Shattuck Ave, Berkeley, CA, 94705, USA",2023/10/30,37.85298902,-122.265938,point,"-122.265938,37.852989"
4608,unsafe,,,,,,,,,,,wheelchair,"day, night","no-yield, driving-speed",,,,,,"speed, signs",,"3029-3039 Shattuck Ave, Berkeley, CA, 94703, USA",2023/10/30,37.85391973,-122.2662706,point,"-122.266271,37.85392"
4614,nearMiss,11/04/2023,walk,day,driver,,none,,,no-yield,,,,,,,,,,"education, enforcement",,"2101-2105 Ashby Ave, Berkeley, CA, 94705, USA",2023/11/04,37.85535339,-122.2664817,point,"-122.266482,37.855353"
4725,unsafe,,,,,,,,,,,walk,night,driving-speed,,,,,,"speed, lighting, signs",,"2747-2799 Alcatraz Ave, Berkeley, CA, 94705, USA",2024/01/23,37.85186586,-122.2504249,point,"-122.250425,37.851866"
4746,nearMiss,02/05/2024,walk,day,driver,,none,,,"no-yield, unsafe-speed",,,,,,,,,,"speed, enforcement",,"1201-1221 Spruce St, Berkeley, CA, 94707, USA",2024/02/06,37.88604133,-122.2665456,point,"-122.266546,37.886041"
5896,nearMiss,02/2024,bike,day,"driver, scooter, bus",bikelane,none,,,"poor-sidewalk, poor-sign, curving",,,,,,,,no,,"speed, sidewalk, education, enforcement",,"University Ave, Berkeley, CA, 94702, USA",2024/04/17,37.86914876,-122.2921026,point,"-122.292103,37.869149"
14977,unsafe,,,,,,,,,,,walk,"day, night","poor-lighting, no-yield, driving-speed",,,,,,"speed, lighting, signs, enforcement",,"Ohlone Greenway, Berkeley, CA, 94702, USA",2024/10/27,37.87619134,-122.2872857,point,"-122.287286,37.876191"
14978,unsafe,,,,,,,,,,,walk,night,poor-lighting,,,,,,lighting,,"Ohlone Greenway, Albany, CA, 94706, USA",2024/10/27,37.87924926,-122.2889151,point,"-122.288915,37.879249"
17294,nearMiss,09/10/2025,walk,night,driver,,none,,,"no-yield, unsafe-speed",,,,,,,,,,enforcement,,"Dwight Way, Berkeley, CA, 94704, USA",2025/09/10,37.86396191,-122.2674118,point,"-122.267412,37.863962"
17305,incident,09/2025,bike,day,driver,,none,no-yield,The driver saw me but thought if they sped up and swerved they'd be able to get by without hitting me. The did not succeed.,,no,,,,,,,no,,"speed, sidewalk, crosswalks",,"8th St, Berkeley, CA, 94710, USA",2025/09/24,37.88247259,-122.3000666,point,"-122.300067,37.882473"
,,,,,,,,,,,,,,,,,,,,,,,,,,,
"Reports collected from October 1st, 2018 through October 30th, 2025",,,,,,,,,,,,,,,,,,,,,,,,,,,